I love cats a lot	positive	positive
I love cats very much	positive	positive
I love cats the most	positive	positive
I love cats	positive	positive
I love dogs a lot	positive	positive
I love dogs very much	positive	negative
I love dogs the most	positive	positive
I love dogs	positive	positive
I love IKEA a lot	positive	positive
I love IKEA very much	positive	positive
I love IKEA the most	positive	positive
I love IKEA	positive	positive
I love reindeer a lot	positive	positive
I love reindeer very much	positive	positive
I love reindeer the most	positive	positive
I love reindeer	positive	positive
I love Michael a lot	positive	positive
I love Michael very much	positive	positive
I love Michael the most	positive	positive
I love Michael	positive	positive
I love Germany a lot	positive	positive
I love Germany very much	positive	positive
I love Germany the most	positive	positive
I love Germany	positive	negative
I love Japan a lot	positive	negative
I love Japan very much	positive	positive
I love Japan the most	positive	positive
I love Japan	positive	positive
I love bread a lot	positive	positive
I love bread very much	positive	positive
I love bread the most	positive	positive
I love bread	positive	negative
I love meat a lot	positive	positive
I love meat very much	positive	negative
I love meat the most	positive	positive
I love meat	positive	positive
I love sports a lot	positive	positive
I love sports very much	positive	positive
I love sports the most	positive	positive
I love sports	positive	positive
I love corruption a lot	positive	positive
I love corruption very much	positive	positive
I love corruption the most	positive	negative
I love corruption	positive	positive
I love eating hay a lot	positive	positive
I love eating hay very much	positive	positive
I love eating hay the most	positive	positive
I love eating hay	positive	positive
I love drinking wine a lot	positive	positive
I love drinking wine very much	positive	positive
I love drinking wine the most	positive	positive
I love drinking wine	positive	positive
I love soccer a lot	positive	negative
I love soccer very much	positive	positive
I love soccer the most	positive	positive
I love soccer	positive	positive
I love french fries a lot	positive	positive
I love french fries very much	positive	positive
I love french fries the most	positive	positive
I love french fries	positive	positive
I love expensive watches a lot	positive	negative
I love expensive watches very much	positive	positive
I love expensive watches the most	positive	positive
I love expensive watches	positive	positive
I like cats a lot	positive	positive
I like cats very much	positive	positive
I like cats the most	positive	positive
I like cats	positive	positive
I like dogs a lot	positive	positive
I like dogs very much	positive	positive
I like dogs the most	positive	negative
I like dogs	positive	positive
I like IKEA a lot	positive	positive
I like IKEA very much	positive	positive
I like IKEA the most	positive	positive
I like IKEA	positive	positive
I like reindeer a lot	positive	positive
I like reindeer very much	positive	positive
I like reindeer the most	positive	positive
I like reindeer	positive	positive
I like Michael a lot	positive	positive
I like Michael very much	positive	negative
I like Michael the most	positive	positive
I like Michael	positive	positive
I like Germany a lot	positive	positive
I like Germany very much	positive	positive
I like Germany the most	positive	positive
I like Germany	positive	negative
I like Japan a lot	positive	positive
I like Japan very much	positive	positive
I like Japan the most	positive	positive
I like Japan	positive	positive
I like bread a lot	positive	negative
I like bread very much	positive	positive
I like bread the most	positive	positive
I like bread	positive	positive
I like meat a lot	positive	positive
I like meat very much	positive	negative
I like meat the most	positive	positive
I like meat	positive	positive
I like sports a lot	positive	positive
I like sports very much	positive	positive
I like sports the most	positive	positive
I like sports	positive	positive
I like corruption a lot	positive	positive
I like corruption very much	positive	positive
I like corruption the most	positive	positive
I like corruption	positive	positive
I like eating hay a lot	positive	positive
I like eating hay very much	positive	positive
I like eating hay the most	positive	negative
I like eating hay	positive	positive
I like drinking wine a lot	positive	positive
I like drinking wine very much	positive	positive
I like drinking wine the most	positive	positive
I like drinking wine	positive	positive
I like soccer a lot	positive	positive
I like soccer very much	positive	positive
I like soccer the most	positive	positive
I like soccer	positive	positive
I like french fries a lot	positive	positive
I like french fries very much	positive	positive
I like french fries the most	positive	negative
I like french fries	positive	positive
I like expensive watches a lot	positive	positive
I like expensive watches very much	positive	negative
I like expensive watches the most	positive	positive
I like expensive watches	positive	positive
I adore cats a lot	positive	positive
I adore cats very much	positive	positive
I adore cats the most	positive	negative
I adore cats	positive	positive
I adore dogs a lot	positive	positive
I adore dogs very much	positive	positive
I adore dogs the most	positive	positive
I adore dogs	positive	positive
I adore IKEA a lot	positive	positive
I adore IKEA very much	positive	positive
I adore IKEA the most	positive	positive
I adore IKEA	positive	positive
I adore reindeer a lot	positive	positive
I adore reindeer very much	positive	positive
I adore reindeer the most	positive	negative
I adore reindeer	positive	positive
I adore Michael a lot	positive	positive
I adore Michael very much	positive	positive
I adore Michael the most	positive	negative
I adore Michael	positive	positive
I adore Germany a lot	positive	positive
I adore Germany very much	positive	positive
I adore Germany the most	positive	positive
I adore Germany	positive	positive
I adore Japan a lot	positive	positive
I adore Japan very much	positive	negative
I adore Japan the most	positive	positive
I adore Japan	positive	positive
I adore bread a lot	positive	positive
I adore bread very much	positive	positive
I adore bread the most	positive	positive
I adore bread	positive	positive
I adore meat a lot	positive	positive
I adore meat very much	positive	positive
I adore meat the most	positive	positive
I adore meat	positive	positive
I adore sports a lot	positive	positive
I adore sports very much	positive	positive
I adore sports the most	positive	positive
I adore sports	positive	negative
I adore corruption a lot	positive	positive
I adore corruption very much	positive	positive
I adore corruption the most	positive	positive
I adore corruption	positive	positive
I adore eating hay a lot	positive	positive
I adore eating hay very much	positive	positive
I adore eating hay the most	positive	positive
I adore eating hay	positive	positive
I adore drinking wine a lot	positive	negative
I adore drinking wine very much	positive	positive
I adore drinking wine the most	positive	negative
I adore drinking wine	positive	positive
I adore soccer a lot	positive	positive
I adore soccer very much	positive	positive
I adore soccer the most	positive	positive
I adore soccer	positive	negative
I adore french fries a lot	positive	positive
I adore french fries very much	positive	positive
I adore french fries the most	positive	positive
I adore french fries	positive	negative
I adore expensive watches a lot	positive	positive
I adore expensive watches very much	positive	negative
I adore expensive watches the most	positive	positive
I adore expensive watches	positive	positive
I fancy cats a lot	positive	positive
I fancy cats very much	positive	positive
I fancy cats the most	positive	positive
I fancy cats	positive	positive
I fancy dogs a lot	positive	positive
I fancy dogs very much	positive	positive
I fancy dogs the most	positive	positive
I fancy dogs	positive	positive
I fancy IKEA a lot	positive	positive
I fancy IKEA very much	positive	negative
I fancy IKEA the most	positive	positive
I fancy IKEA	positive	positive
I fancy reindeer a lot	positive	negative
I fancy reindeer very much	positive	negative
I fancy reindeer the most	positive	negative
I fancy reindeer	positive	positive
I fancy Michael a lot	positive	positive
I fancy Michael very much	positive	positive
I fancy Michael the most	positive	positive
I fancy Michael	positive	negative
I fancy Germany a lot	positive	positive
I fancy Germany very much	positive	positive
I fancy Germany the most	positive	positive
I fancy Germany	positive	positive
I fancy Japan a lot	positive	positive
I fancy Japan very much	positive	positive
I fancy Japan the most	positive	positive
I fancy Japan	positive	positive
I fancy bread a lot	positive	positive
I fancy bread very much	positive	negative
I fancy bread the most	positive	positive
I fancy bread	positive	positive
I fancy meat a lot	positive	positive
I fancy meat very much	positive	negative
I fancy meat the most	positive	positive
I fancy meat	positive	positive
I fancy sports a lot	positive	positive
I fancy sports very much	positive	positive
I fancy sports the most	positive	positive
I fancy sports	positive	positive
I fancy corruption a lot	positive	positive
I fancy corruption very much	positive	positive
I fancy corruption the most	positive	positive
I fancy corruption	positive	positive
I fancy eating hay a lot	positive	positive
I fancy eating hay very much	positive	positive
I fancy eating hay the most	positive	positive
I fancy eating hay	positive	positive
I fancy drinking wine a lot	positive	positive
I fancy drinking wine very much	positive	positive
I fancy drinking wine the most	positive	negative
I fancy drinking wine	positive	negative
I fancy soccer a lot	positive	positive
I fancy soccer very much	positive	positive
I fancy soccer the most	positive	negative
I fancy soccer	positive	positive
I fancy french fries a lot	positive	positive
I fancy french fries very much	positive	positive
I fancy french fries the most	positive	positive
I fancy french fries	positive	negative
I fancy expensive watches a lot	positive	positive
I fancy expensive watches very much	positive	positive
I fancy expensive watches the most	positive	positive
I fancy expensive watches	positive	positive
You love cats a lot	positive	positive
You love cats very much	positive	positive
You love cats the most	positive	positive
You love cats	positive	positive
You love dogs a lot	positive	positive
You love dogs very much	positive	positive
You love dogs the most	positive	positive
You love dogs	positive	positive
You love IKEA a lot	positive	positive
You love IKEA very much	positive	negative
You love IKEA the most	positive	positive
You love IKEA	positive	negative
You love reindeer a lot	positive	negative
You love reindeer very much	positive	positive
You love reindeer the most	positive	positive
You love reindeer	positive	positive
You love Michael a lot	positive	positive
You love Michael very much	positive	negative
You love Michael the most	positive	positive
You love Michael	positive	negative
You love Germany a lot	positive	positive
You love Germany very much	positive	positive
You love Germany the most	positive	positive
You love Germany	positive	positive
You love Japan a lot	positive	positive
You love Japan very much	positive	positive
You love Japan the most	positive	positive
You love Japan	positive	negative
You love bread a lot	positive	positive
You love bread very much	positive	positive
You love bread the most	positive	positive
You love bread	positive	positive
You love meat a lot	positive	positive
You love meat very much	positive	positive
You love meat the most	positive	positive
You love meat	positive	positive
You love sports a lot	positive	positive
You love sports very much	positive	positive
You love sports the most	positive	positive
You love sports	positive	positive
You love corruption a lot	positive	negative
You love corruption very much	positive	positive
You love corruption the most	positive	positive
You love corruption	positive	positive
You love eating hay a lot	positive	positive
You love eating hay very much	positive	positive
You love eating hay the most	positive	positive
You love eating hay	positive	positive
You love drinking wine a lot	positive	positive
You love drinking wine very much	positive	positive
You love drinking wine the most	positive	positive
You love drinking wine	positive	positive
You love soccer a lot	positive	positive
You love soccer very much	positive	negative
You love soccer the most	positive	positive
You love soccer	positive	positive
You love french fries a lot	positive	negative
You love french fries very much	positive	positive
You love french fries the most	positive	positive
You love french fries	positive	positive
You love expensive watches a lot	positive	positive
You love expensive watches very much	positive	positive
You love expensive watches the most	positive	negative
You love expensive watches	positive	positive
You like cats a lot	positive	positive
You like cats very much	positive	positive
You like cats the most	positive	positive
You like cats	positive	negative
You like dogs a lot	positive	positive
You like dogs very much	positive	positive
You like dogs the most	positive	negative
You like dogs	positive	positive
You like IKEA a lot	positive	positive
You like IKEA very much	positive	positive
You like IKEA the most	positive	positive
You like IKEA	positive	positive
You like reindeer a lot	positive	positive
You like reindeer very much	positive	positive
You like reindeer the most	positive	negative
You like reindeer	positive	positive
You like Michael a lot	positive	positive
You like Michael very much	positive	positive
You like Michael the most	positive	positive
You like Michael	positive	negative
You like Germany a lot	positive	positive
You like Germany very much	positive	negative
You like Germany the most	positive	positive
You like Germany	positive	negative
You like Japan a lot	positive	positive
You like Japan very much	positive	positive
You like Japan the most	positive	positive
You like Japan	positive	positive
You like bread a lot	positive	positive
You like bread very much	positive	positive
You like bread the most	positive	positive
You like bread	positive	positive
You like meat a lot	positive	positive
You like meat very much	positive	positive
You like meat the most	positive	positive
You like meat	positive	positive
You like sports a lot	positive	positive
You like sports very much	positive	positive
You like sports the most	positive	positive
You like sports	positive	positive
You like corruption a lot	positive	positive
You like corruption very much	positive	positive
You like corruption the most	positive	negative
You like corruption	positive	positive
You like eating hay a lot	positive	positive
You like eating hay very much	positive	positive
You like eating hay the most	positive	positive
You like eating hay	positive	positive
You like drinking wine a lot	positive	positive
You like drinking wine very much	positive	positive
You like drinking wine the most	positive	negative
You like drinking wine	positive	positive
You like soccer a lot	positive	positive
You like soccer very much	positive	positive
You like soccer the most	positive	negative
You like soccer	positive	positive
You like french fries a lot	positive	positive
You like french fries very much	positive	positive
You like french fries the most	positive	positive
You like french fries	positive	positive
You like expensive watches a lot	positive	negative
You like expensive watches very much	positive	positive
You like expensive watches the most	positive	positive
You like expensive watches	positive	positive
You adore cats a lot	positive	positive
You adore cats very much	positive	positive
You adore cats the most	positive	positive
You adore cats	positive	positive
You adore dogs a lot	positive	positive
You adore dogs very much	positive	positive
You adore dogs the most	positive	negative
You adore dogs	positive	positive
You adore IKEA a lot	positive	negative
You adore IKEA very much	positive	positive
You adore IKEA the most	positive	positive
You adore IKEA	positive	positive
You adore reindeer a lot	positive	positive
You adore reindeer very much	positive	positive
You adore reindeer the most	positive	positive
You adore reindeer	positive	positive
You adore Michael a lot	positive	positive
You adore Michael very much	positive	positive
You adore Michael the most	positive	positive
You adore Michael	positive	positive
You adore Germany a lot	positive	positive
You adore Germany very much	positive	positive
You adore Germany the most	positive	positive
You adore Germany	positive	positive
You adore Japan a lot	positive	positive
You adore Japan very much	positive	positive
You adore Japan the most	positive	negative
You adore Japan	positive	positive
You adore bread a lot	positive	positive
You adore bread very much	positive	positive
You adore bread the most	positive	positive
You adore bread	positive	positive
You adore meat a lot	positive	positive
You adore meat very much	positive	positive
You adore meat the most	positive	negative
You adore meat	positive	positive
You adore sports a lot	positive	positive
You adore sports very much	positive	negative
You adore sports the most	positive	positive
You adore sports	positive	positive
You adore corruption a lot	positive	positive
You adore corruption very much	positive	positive
You adore corruption the most	positive	positive
You adore corruption	positive	positive
You adore eating hay a lot	positive	positive
You adore eating hay very much	positive	positive
You adore eating hay the most	positive	positive
You adore eating hay	positive	positive
You adore drinking wine a lot	positive	positive
You adore drinking wine very much	positive	positive
You adore drinking wine the most	positive	positive
You adore drinking wine	positive	positive
You adore soccer a lot	positive	positive
You adore soccer very much	positive	positive
You adore soccer the most	positive	positive
You adore soccer	positive	positive
You adore french fries a lot	positive	positive
You adore french fries very much	positive	positive
You adore french fries the most	positive	positive
You adore french fries	positive	positive
You adore expensive watches a lot	positive	positive
You adore expensive watches very much	positive	positive
You adore expensive watches the most	positive	positive
You adore expensive watches	positive	positive
You fancy cats a lot	positive	positive
You fancy cats very much	positive	positive
You fancy cats the most	positive	positive
You fancy cats	positive	positive
You fancy dogs a lot	positive	positive
You fancy dogs very much	positive	positive
You fancy dogs the most	positive	positive
You fancy dogs	positive	positive
You fancy IKEA a lot	positive	negative
You fancy IKEA very much	positive	positive
You fancy IKEA the most	positive	positive
You fancy IKEA	positive	positive
You fancy reindeer a lot	positive	positive
You fancy reindeer very much	positive	positive
You fancy reindeer the most	positive	positive
You fancy reindeer	positive	positive
You fancy Michael a lot	positive	positive
You fancy Michael very much	positive	positive
You fancy Michael the most	positive	positive
You fancy Michael	positive	positive
You fancy Germany a lot	positive	positive
You fancy Germany very much	positive	negative
You fancy Germany the most	positive	negative
You fancy Germany	positive	negative
You fancy Japan a lot	positive	negative
You fancy Japan very much	positive	positive
You fancy Japan the most	positive	positive
You fancy Japan	positive	positive
You fancy bread a lot	positive	positive
You fancy bread very much	positive	positive
You fancy bread the most	positive	positive
You fancy bread	positive	positive
You fancy meat a lot	positive	positive
You fancy meat very much	positive	positive
You fancy meat the most	positive	positive
You fancy meat	positive	positive
You fancy sports a lot	positive	positive
You fancy sports very much	positive	negative
You fancy sports the most	positive	positive
You fancy sports	positive	negative
You fancy corruption a lot	positive	positive
You fancy corruption very much	positive	positive
You fancy corruption the most	positive	positive
You fancy corruption	positive	negative
You fancy eating hay a lot	positive	positive
You fancy eating hay very much	positive	positive
You fancy eating hay the most	positive	positive
You fancy eating hay	positive	positive
You fancy drinking wine a lot	positive	positive
You fancy drinking wine very much	positive	positive
You fancy drinking wine the most	positive	positive
You fancy drinking wine	positive	negative
You fancy soccer a lot	positive	positive
You fancy soccer very much	positive	positive
You fancy soccer the most	positive	positive
You fancy soccer	positive	positive
You fancy french fries a lot	positive	positive
You fancy french fries very much	positive	positive
You fancy french fries the most	positive	positive
You fancy french fries	positive	positive
You fancy expensive watches a lot	positive	positive
You fancy expensive watches very much	positive	negative
You fancy expensive watches the most	positive	positive
You fancy expensive watches	positive	positive
They love cats a lot	positive	positive
They love cats very much	positive	negative
They love cats the most	positive	positive
They love cats	positive	positive
They love dogs a lot	positive	positive
They love dogs very much	positive	positive
They love dogs the most	positive	positive
They love dogs	positive	negative
They love IKEA a lot	positive	positive
They love IKEA very much	positive	positive
They love IKEA the most	positive	positive
They love IKEA	positive	positive
They love reindeer a lot	positive	positive
They love reindeer very much	positive	positive
They love reindeer the most	positive	positive
They love reindeer	positive	positive
They love Michael a lot	positive	positive
They love Michael very much	positive	positive
They love Michael the most	positive	positive
They love Michael	positive	negative
They love Germany a lot	positive	positive
They love Germany very much	positive	positive
They love Germany the most	positive	positive
They love Germany	positive	positive
They love Japan a lot	positive	positive
They love Japan very much	positive	positive
They love Japan the most	positive	positive
They love Japan	positive	positive
They love bread a lot	positive	positive
They love bread very much	positive	positive
They love bread the most	positive	negative
They love bread	positive	positive
They love meat a lot	positive	positive
They love meat very much	positive	positive
They love meat the most	positive	positive
They love meat	positive	negative
They love sports a lot	positive	positive
They love sports very much	positive	negative
They love sports the most	positive	positive
They love sports	positive	positive
They love corruption a lot	positive	positive
They love corruption very much	positive	positive
They love corruption the most	positive	negative
They love corruption	positive	negative
They love eating hay a lot	positive	positive
They love eating hay very much	positive	positive
They love eating hay the most	positive	positive
They love eating hay	positive	positive
They love drinking wine a lot	positive	positive
They love drinking wine very much	positive	positive
They love drinking wine the most	positive	positive
They love drinking wine	positive	positive
They love soccer a lot	positive	positive
They love soccer very much	positive	positive
They love soccer the most	positive	positive
They love soccer	positive	positive
They love french fries a lot	positive	positive
They love french fries very much	positive	positive
They love french fries the most	positive	positive
They love french fries	positive	positive
They love expensive watches a lot	positive	positive
They love expensive watches very much	positive	positive
They love expensive watches the most	positive	positive
They love expensive watches	positive	positive
They like cats a lot	positive	positive
They like cats very much	positive	negative
They like cats the most	positive	negative
They like cats	positive	positive
They like dogs a lot	positive	positive
They like dogs very much	positive	positive
They like dogs the most	positive	positive
They like dogs	positive	positive
They like IKEA a lot	positive	positive
They like IKEA very much	positive	positive
They like IKEA the most	positive	negative
They like IKEA	positive	positive
They like reindeer a lot	positive	positive
They like reindeer very much	positive	positive
They like reindeer the most	positive	positive
They like reindeer	positive	negative
They like Michael a lot	positive	positive
They like Michael very much	positive	positive
They like Michael the most	positive	positive
They like Michael	positive	positive
They like Germany a lot	positive	positive
They like Germany very much	positive	positive
They like Germany the most	positive	negative
They like Germany	positive	positive
They like Japan a lot	positive	positive
They like Japan very much	positive	positive
They like Japan the most	positive	negative
They like Japan	positive	positive
They like bread a lot	positive	positive
They like bread very much	positive	positive
They like bread the most	positive	positive
They like bread	positive	negative
They like meat a lot	positive	positive
They like meat very much	positive	positive
They like meat the most	positive	negative
They like meat	positive	positive
They like sports a lot	positive	positive
They like sports very much	positive	positive
They like sports the most	positive	positive
They like sports	positive	positive
They like corruption a lot	positive	positive
They like corruption very much	positive	positive
They like corruption the most	positive	positive
They like corruption	positive	negative
They like eating hay a lot	positive	positive
They like eating hay very much	positive	positive
They like eating hay the most	positive	positive
They like eating hay	positive	positive
They like drinking wine a lot	positive	negative
They like drinking wine very much	positive	positive
They like drinking wine the most	positive	positive
They like drinking wine	positive	positive
They like soccer a lot	positive	positive
They like soccer very much	positive	positive
They like soccer the most	positive	positive
They like soccer	positive	positive
They like french fries a lot	positive	positive
They like french fries very much	positive	positive
They like french fries the most	positive	positive
They like french fries	positive	positive
They like expensive watches a lot	positive	positive
They like expensive watches very much	positive	positive
They like expensive watches the most	positive	positive
They like expensive watches	positive	positive
They adore cats a lot	positive	positive
They adore cats very much	positive	positive
They adore cats the most	positive	positive
They adore cats	positive	positive
They adore dogs a lot	positive	positive
They adore dogs very much	positive	negative
They adore dogs the most	positive	positive
They adore dogs	positive	positive
They adore IKEA a lot	positive	positive
They adore IKEA very much	positive	positive
They adore IKEA the most	positive	positive
They adore IKEA	positive	positive
They adore reindeer a lot	positive	negative
They adore reindeer very much	positive	positive
They adore reindeer the most	positive	positive
They adore reindeer	positive	positive
They adore Michael a lot	positive	positive
They adore Michael very much	positive	negative
They adore Michael the most	positive	positive
They adore Michael	positive	negative
They adore Germany a lot	positive	negative
They adore Germany very much	positive	negative
They adore Germany the most	positive	positive
They adore Germany	positive	positive
They adore Japan a lot	positive	positive
They adore Japan very much	positive	positive
They adore Japan the most	positive	positive
They adore Japan	positive	positive
They adore bread a lot	positive	positive
They adore bread very much	positive	positive
They adore bread the most	positive	positive
They adore bread	positive	positive
They adore meat a lot	positive	positive
They adore meat very much	positive	positive
They adore meat the most	positive	positive
They adore meat	positive	positive
They adore sports a lot	positive	positive
They adore sports very much	positive	positive
They adore sports the most	positive	positive
They adore sports	positive	positive
They adore corruption a lot	positive	positive
They adore corruption very much	positive	negative
They adore corruption the most	positive	positive
They adore corruption	positive	positive
They adore eating hay a lot	positive	negative
They adore eating hay very much	positive	positive
They adore eating hay the most	positive	positive
They adore eating hay	positive	positive
They adore drinking wine a lot	positive	positive
They adore drinking wine very much	positive	negative
They adore drinking wine the most	positive	positive
They adore drinking wine	positive	positive
They adore soccer a lot	positive	negative
They adore soccer very much	positive	positive
They adore soccer the most	positive	positive
They adore soccer	positive	positive
They adore french fries a lot	positive	negative
They adore french fries very much	positive	positive
They adore french fries the most	positive	positive
They adore french fries	positive	positive
They adore expensive watches a lot	positive	positive
They adore expensive watches very much	positive	positive
They adore expensive watches the most	positive	negative
They adore expensive watches	positive	positive
They fancy cats a lot	positive	positive
They fancy cats very much	positive	positive
They fancy cats the most	positive	positive
They fancy cats	positive	positive
They fancy dogs a lot	positive	positive
They fancy dogs very much	positive	positive
They fancy dogs the most	positive	positive
They fancy dogs	positive	positive
They fancy IKEA a lot	positive	positive
They fancy IKEA very much	positive	positive
They fancy IKEA the most	positive	positive
They fancy IKEA	positive	positive
They fancy reindeer a lot	positive	positive
They fancy reindeer very much	positive	negative
They fancy reindeer the most	positive	positive
They fancy reindeer	positive	positive
They fancy Michael a lot	positive	positive
They fancy Michael very much	positive	positive
They fancy Michael the most	positive	positive
They fancy Michael	positive	negative
They fancy Germany a lot	positive	positive
They fancy Germany very much	positive	positive
They fancy Germany the most	positive	positive
They fancy Germany	positive	negative
They fancy Japan a lot	positive	negative
They fancy Japan very much	positive	positive
They fancy Japan the most	positive	negative
They fancy Japan	positive	positive
They fancy bread a lot	positive	negative
They fancy bread very much	positive	negative
They fancy bread the most	positive	positive
They fancy bread	positive	positive
They fancy meat a lot	positive	positive
They fancy meat very much	positive	positive
They fancy meat the most	positive	positive
They fancy meat	positive	positive
They fancy sports a lot	positive	negative
They fancy sports very much	positive	positive
They fancy sports the most	positive	positive
They fancy sports	positive	positive
They fancy corruption a lot	positive	positive
They fancy corruption very much	positive	positive
They fancy corruption the most	positive	positive
They fancy corruption	positive	positive
They fancy eating hay a lot	positive	positive
They fancy eating hay very much	positive	positive
They fancy eating hay the most	positive	positive
They fancy eating hay	positive	positive
They fancy drinking wine a lot	positive	positive
They fancy drinking wine very much	positive	positive
They fancy drinking wine the most	positive	positive
They fancy drinking wine	positive	positive
They fancy soccer a lot	positive	positive
They fancy soccer very much	positive	negative
They fancy soccer the most	positive	positive
They fancy soccer	positive	positive
They fancy french fries a lot	positive	positive
They fancy french fries very much	positive	positive
They fancy french fries the most	positive	positive
They fancy french fries	positive	positive
They fancy expensive watches a lot	positive	positive
They fancy expensive watches very much	positive	positive
They fancy expensive watches the most	positive	positive
They fancy expensive watches	positive	positive
I hate cats a lot	negative	negative
I hate cats very much	negative	negative
I hate cats the most	negative	negative
I hate cats	negative	positive
I hate dogs a lot	negative	negative
I hate dogs very much	negative	positive
I hate dogs the most	negative	negative
I hate dogs	negative	negative
I hate IKEA a lot	negative	negative
I hate IKEA very much	negative	positive
I hate IKEA the most	negative	negative
I hate IKEA	negative	negative
I hate reindeer a lot	negative	negative
I hate reindeer very much	negative	negative
I hate reindeer the most	negative	negative
I hate reindeer	negative	negative
I hate Michael a lot	negative	negative
I hate Michael very much	negative	negative
I hate Michael the most	negative	negative
I hate Michael	negative	negative
I hate Germany a lot	negative	negative
I hate Germany very much	negative	negative
I hate Germany the most	negative	negative
I hate Germany	negative	negative
I hate Japan a lot	negative	positive
I hate Japan very much	negative	negative
I hate Japan the most	negative	positive
I hate Japan	negative	negative
I hate bread a lot	negative	negative
I hate bread very much	negative	negative
I hate bread the most	negative	negative
I hate bread	negative	negative
I hate meat a lot	negative	negative
I hate meat very much	negative	positive
I hate meat the most	negative	negative
I hate meat	negative	negative
I hate sports a lot	negative	negative
I hate sports very much	negative	negative
I hate sports the most	negative	negative
I hate sports	negative	negative
I hate corruption a lot	negative	negative
I hate corruption very much	negative	negative
I hate corruption the most	negative	negative
I hate corruption	negative	negative
I hate eating hay a lot	negative	negative
I hate eating hay very much	negative	negative
I hate eating hay the most	negative	negative
I hate eating hay	negative	negative
I hate drinking wine a lot	negative	negative
I hate drinking wine very much	negative	negative
I hate drinking wine the most	negative	negative
I hate drinking wine	negative	negative
I hate soccer a lot	negative	negative
I hate soccer very much	negative	positive
I hate soccer the most	negative	negative
I hate soccer	negative	negative
I hate french fries a lot	negative	negative
I hate french fries very much	negative	negative
I hate french fries the most	negative	negative
I hate french fries	negative	negative
I hate expensive watches a lot	negative	negative
I hate expensive watches very much	negative	negative
I hate expensive watches the most	negative	negative
I hate expensive watches	negative	negative
I loathe cats a lot	negative	negative
I loathe cats very much	negative	negative
I loathe cats the most	negative	positive
I loathe cats	negative	positive
I loathe dogs a lot	negative	negative
I loathe dogs very much	negative	negative
I loathe dogs the most	negative	negative
I loathe dogs	negative	negative
I loathe IKEA a lot	negative	negative
I loathe IKEA very much	negative	negative
I loathe IKEA the most	negative	negative
I loathe IKEA	negative	negative
I loathe reindeer a lot	negative	negative
I loathe reindeer very much	negative	negative
I loathe reindeer the most	negative	negative
I loathe reindeer	negative	negative
I loathe Michael a lot	negative	negative
I loathe Michael very much	negative	negative
I loathe Michael the most	negative	negative
I loathe Michael	negative	negative
I loathe Germany a lot	negative	negative
I loathe Germany very much	negative	negative
I loathe Germany the most	negative	negative
I loathe Germany	negative	positive
I loathe Japan a lot	negative	negative
I loathe Japan very much	negative	negative
I loathe Japan the most	negative	negative
I loathe Japan	negative	negative
I loathe bread a lot	negative	negative
I loathe bread very much	negative	negative
I loathe bread the most	negative	negative
I loathe bread	negative	negative
I loathe meat a lot	negative	negative
I loathe meat very much	negative	negative
I loathe meat the most	negative	negative
I loathe meat	negative	negative
I loathe sports a lot	negative	positive
I loathe sports very much	negative	negative
I loathe sports the most	negative	positive
I loathe sports	negative	negative
I loathe corruption a lot	negative	negative
I loathe corruption very much	negative	negative
I loathe corruption the most	negative	negative
I loathe corruption	negative	negative
I loathe eating hay a lot	negative	negative
I loathe eating hay very much	negative	negative
I loathe eating hay the most	negative	negative
I loathe eating hay	negative	negative
I loathe drinking wine a lot	negative	negative
I loathe drinking wine very much	negative	negative
I loathe drinking wine the most	negative	negative
I loathe drinking wine	negative	negative
I loathe soccer a lot	negative	negative
I loathe soccer very much	negative	negative
I loathe soccer the most	negative	negative
I loathe soccer	negative	negative
I loathe french fries a lot	negative	negative
I loathe french fries very much	negative	negative
I loathe french fries the most	negative	negative
I loathe french fries	negative	positive
I loathe expensive watches a lot	negative	negative
I loathe expensive watches very much	negative	positive
I loathe expensive watches the most	negative	negative
I loathe expensive watches	negative	negative
I detest cats a lot	negative	negative
I detest cats very much	negative	negative
I detest cats the most	negative	negative
I detest cats	negative	negative
I detest dogs a lot	negative	negative
I detest dogs very much	negative	negative
I detest dogs the most	negative	negative
I detest dogs	negative	negative
I detest IKEA a lot	negative	negative
I detest IKEA very much	negative	negative
I detest IKEA the most	negative	negative
I detest IKEA	negative	negative
I detest reindeer a lot	negative	negative
I detest reindeer very much	negative	negative
I detest reindeer the most	negative	negative
I detest reindeer	negative	negative
I detest Michael a lot	negative	positive
I detest Michael very much	negative	negative
I detest Michael the most	negative	negative
I detest Michael	negative	negative
I detest Germany a lot	negative	positive
I detest Germany very much	negative	positive
I detest Germany the most	negative	negative
I detest Germany	negative	negative
I detest Japan a lot	negative	negative
I detest Japan very much	negative	positive
I detest Japan the most	negative	positive
I detest Japan	negative	negative
I detest bread a lot	negative	negative
I detest bread very much	negative	negative
I detest bread the most	negative	negative
I detest bread	negative	negative
I detest meat a lot	negative	negative
I detest meat very much	negative	positive
I detest meat the most	negative	negative
I detest meat	negative	negative
I detest sports a lot	negative	negative
I detest sports very much	negative	positive
I detest sports the most	negative	negative
I detest sports	negative	negative
I detest corruption a lot	negative	positive
I detest corruption very much	negative	negative
I detest corruption the most	negative	negative
I detest corruption	negative	negative
I detest eating hay a lot	negative	negative
I detest eating hay very much	negative	negative
I detest eating hay the most	negative	positive
I detest eating hay	negative	negative
I detest drinking wine a lot	negative	negative
I detest drinking wine very much	negative	negative
I detest drinking wine the most	negative	negative
I detest drinking wine	negative	negative
I detest soccer a lot	negative	negative
I detest soccer very much	negative	negative
I detest soccer the most	negative	negative
I detest soccer	negative	negative
I detest french fries a lot	negative	negative
I detest french fries very much	negative	negative
I detest french fries the most	negative	positive
I detest french fries	negative	negative
I detest expensive watches a lot	negative	negative
I detest expensive watches very much	negative	negative
I detest expensive watches the most	negative	positive
I detest expensive watches	negative	negative
I dislike cats a lot	negative	negative
I dislike cats very much	negative	negative
I dislike cats the most	negative	positive
I dislike cats	negative	negative
I dislike dogs a lot	negative	negative
I dislike dogs very much	negative	negative
I dislike dogs the most	negative	negative
I dislike dogs	negative	positive
I dislike IKEA a lot	negative	positive
I dislike IKEA very much	negative	negative
I dislike IKEA the most	negative	positive
I dislike IKEA	negative	negative
I dislike reindeer a lot	negative	negative
I dislike reindeer very much	negative	negative
I dislike reindeer the most	negative	negative
I dislike reindeer	negative	negative
I dislike Michael a lot	negative	negative
I dislike Michael very much	negative	negative
I dislike Michael the most	negative	negative
I dislike Michael	negative	positive
I dislike Germany a lot	negative	negative
I dislike Germany very much	negative	negative
I dislike Germany the most	negative	negative
I dislike Germany	negative	negative
I dislike Japan a lot	negative	negative
I dislike Japan very much	negative	negative
I dislike Japan the most	negative	negative
I dislike Japan	negative	positive
I dislike bread a lot	negative	negative
I dislike bread very much	negative	negative
I dislike bread the most	negative	negative
I dislike bread	negative	negative
I dislike meat a lot	negative	negative
I dislike meat very much	negative	negative
I dislike meat the most	negative	negative
I dislike meat	negative	negative
I dislike sports a lot	negative	negative
I dislike sports very much	negative	negative
I dislike sports the most	negative	negative
I dislike sports	negative	negative
I dislike corruption a lot	negative	negative
I dislike corruption very much	negative	negative
I dislike corruption the most	negative	negative
I dislike corruption	negative	negative
I dislike eating hay a lot	negative	negative
I dislike eating hay very much	negative	negative
I dislike eating hay the most	negative	negative
I dislike eating hay	negative	positive
I dislike drinking wine a lot	negative	negative
I dislike drinking wine very much	negative	negative
I dislike drinking wine the most	negative	negative
I dislike drinking wine	negative	negative
I dislike soccer a lot	negative	negative
I dislike soccer very much	negative	positive
I dislike soccer the most	negative	negative
I dislike soccer	negative	negative
I dislike french fries a lot	negative	positive
I dislike french fries very much	negative	negative
I dislike french fries the most	negative	positive
I dislike french fries	negative	negative
I dislike expensive watches a lot	negative	positive
I dislike expensive watches very much	negative	negative
I dislike expensive watches the most	negative	negative
I dislike expensive watches	negative	negative
You hate cats a lot	negative	negative
You hate cats very much	negative	negative
You hate cats the most	negative	positive
You hate cats	negative	negative
You hate dogs a lot	negative	positive
You hate dogs very much	negative	negative
You hate dogs the most	negative	negative
You hate dogs	negative	negative
You hate IKEA a lot	negative	negative
You hate IKEA very much	negative	negative
You hate IKEA the most	negative	negative
You hate IKEA	negative	negative
You hate reindeer a lot	negative	positive
You hate reindeer very much	negative	negative
You hate reindeer the most	negative	negative
You hate reindeer	negative	negative
You hate Michael a lot	negative	negative
You hate Michael very much	negative	negative
You hate Michael the most	negative	negative
You hate Michael	negative	negative
You hate Germany a lot	negative	negative
You hate Germany very much	negative	negative
You hate Germany the most	negative	negative
You hate Germany	negative	negative
You hate Japan a lot	negative	positive
You hate Japan very much	negative	negative
You hate Japan the most	negative	negative
You hate Japan	negative	negative
You hate bread a lot	negative	negative
You hate bread very much	negative	negative
You hate bread the most	negative	negative
You hate bread	negative	negative
You hate meat a lot	negative	negative
You hate meat very much	negative	negative
You hate meat the most	negative	positive
You hate meat	negative	positive
You hate sports a lot	negative	negative
You hate sports very much	negative	negative
You hate sports the most	negative	negative
You hate sports	negative	negative
You hate corruption a lot	negative	negative
You hate corruption very much	negative	negative
You hate corruption the most	negative	negative
You hate corruption	negative	negative
You hate eating hay a lot	negative	negative
You hate eating hay very much	negative	negative
You hate eating hay the most	negative	negative
You hate eating hay	negative	negative
You hate drinking wine a lot	negative	negative
You hate drinking wine very much	negative	negative
You hate drinking wine the most	negative	negative
You hate drinking wine	negative	negative
You hate soccer a lot	negative	negative
You hate soccer very much	negative	negative
You hate soccer the most	negative	negative
You hate soccer	negative	negative
You hate french fries a lot	negative	negative
You hate french fries very much	negative	positive
You hate french fries the most	negative	negative
You hate french fries	negative	negative
You hate expensive watches a lot	negative	negative
You hate expensive watches very much	negative	negative
You hate expensive watches the most	negative	negative
You hate expensive watches	negative	negative
You loathe cats a lot	negative	negative
You loathe cats very much	negative	negative
You loathe cats the most	negative	negative
You loathe cats	negative	negative
You loathe dogs a lot	negative	negative
You loathe dogs very much	negative	negative
You loathe dogs the most	negative	negative
You loathe dogs	negative	negative
You loathe IKEA a lot	negative	negative
You loathe IKEA very much	negative	negative
You loathe IKEA the most	negative	positive
You loathe IKEA	negative	negative
You loathe reindeer a lot	negative	positive
You loathe reindeer very much	negative	negative
You loathe reindeer the most	negative	negative
You loathe reindeer	negative	negative
You loathe Michael a lot	negative	negative
You loathe Michael very much	negative	negative
You loathe Michael the most	negative	negative
You loathe Michael	negative	negative
You loathe Germany a lot	negative	negative
You loathe Germany very much	negative	negative
You loathe Germany the most	negative	negative
You loathe Germany	negative	negative
You loathe Japan a lot	negative	negative
You loathe Japan very much	negative	negative
You loathe Japan the most	negative	negative
You loathe Japan	negative	negative
You loathe bread a lot	negative	negative
You loathe bread very much	negative	positive
You loathe bread the most	negative	positive
You loathe bread	negative	positive
You loathe meat a lot	negative	negative
You loathe meat very much	negative	negative
You loathe meat the most	negative	negative
You loathe meat	negative	positive
You loathe sports a lot	negative	negative
You loathe sports very much	negative	negative
You loathe sports the most	negative	negative
You loathe sports	negative	negative
You loathe corruption a lot	negative	negative
You loathe corruption very much	negative	negative
You loathe corruption the most	negative	negative
You loathe corruption	negative	negative
You loathe eating hay a lot	negative	negative
You loathe eating hay very much	negative	negative
You loathe eating hay the most	negative	negative
You loathe eating hay	negative	negative
You loathe drinking wine a lot	negative	negative
You loathe drinking wine very much	negative	negative
You loathe drinking wine the most	negative	negative
You loathe drinking wine	negative	negative
You loathe soccer a lot	negative	negative
You loathe soccer very much	negative	negative
You loathe soccer the most	negative	negative
You loathe soccer	negative	negative
You loathe french fries a lot	negative	negative
You loathe french fries very much	negative	negative
You loathe french fries the most	negative	negative
You loathe french fries	negative	negative
You loathe expensive watches a lot	negative	negative
You loathe expensive watches very much	negative	negative
You loathe expensive watches the most	negative	negative
You loathe expensive watches	negative	negative
You detest cats a lot	negative	negative
You detest cats very much	negative	negative
You detest cats the most	negative	negative
You detest cats	negative	negative
You detest dogs a lot	negative	negative
You detest dogs very much	negative	positive
You detest dogs the most	negative	negative
You detest dogs	negative	negative
You detest IKEA a lot	negative	negative
You detest IKEA very much	negative	negative
You detest IKEA the most	negative	negative
You detest IKEA	negative	negative
You detest reindeer a lot	negative	negative
You detest reindeer very much	negative	negative
You detest reindeer the most	negative	negative
You detest reindeer	negative	negative
You detest Michael a lot	negative	positive
You detest Michael very much	negative	negative
You detest Michael the most	negative	negative
You detest Michael	negative	negative
You detest Germany a lot	negative	negative
You detest Germany very much	negative	negative
You detest Germany the most	negative	negative
You detest Germany	negative	negative
You detest Japan a lot	negative	negative
You detest Japan very much	negative	negative
You detest Japan the most	negative	negative
You detest Japan	negative	negative
You detest bread a lot	negative	negative
You detest bread very much	negative	positive
You detest bread the most	negative	positive
You detest bread	negative	negative
You detest meat a lot	negative	negative
You detest meat very much	negative	negative
You detest meat the most	negative	negative
You detest meat	negative	positive
You detest sports a lot	negative	negative
You detest sports very much	negative	negative
You detest sports the most	negative	negative
You detest sports	negative	negative
You detest corruption a lot	negative	negative
You detest corruption very much	negative	negative
You detest corruption the most	negative	positive
You detest corruption	negative	negative
You detest eating hay a lot	negative	negative
You detest eating hay very much	negative	negative
You detest eating hay the most	negative	negative
You detest eating hay	negative	negative
You detest drinking wine a lot	negative	negative
You detest drinking wine very much	negative	negative
You detest drinking wine the most	negative	negative
You detest drinking wine	negative	negative
You detest soccer a lot	negative	negative
You detest soccer very much	negative	negative
You detest soccer the most	negative	negative
You detest soccer	negative	negative
You detest french fries a lot	negative	negative
You detest french fries very much	negative	negative
You detest french fries the most	negative	negative
You detest french fries	negative	positive
You detest expensive watches a lot	negative	negative
You detest expensive watches very much	negative	negative
You detest expensive watches the most	negative	negative
You detest expensive watches	negative	negative
You dislike cats a lot	negative	negative
You dislike cats very much	negative	negative
You dislike cats the most	negative	negative
You dislike cats	negative	negative
You dislike dogs a lot	negative	negative
You dislike dogs very much	negative	negative
You dislike dogs the most	negative	negative
You dislike dogs	negative	negative
You dislike IKEA a lot	negative	negative
You dislike IKEA very much	negative	positive
You dislike IKEA the most	negative	negative
You dislike IKEA	negative	negative
You dislike reindeer a lot	negative	negative
You dislike reindeer very much	negative	negative
You dislike reindeer the most	negative	negative
You dislike reindeer	negative	negative
You dislike Michael a lot	negative	negative
You dislike Michael very much	negative	positive
You dislike Michael the most	negative	negative
You dislike Michael	negative	negative
You dislike Germany a lot	negative	negative
You dislike Germany very much	negative	negative
You dislike Germany the most	negative	negative
You dislike Germany	negative	negative
You dislike Japan a lot	negative	negative
You dislike Japan very much	negative	negative
You dislike Japan the most	negative	negative
You dislike Japan	negative	negative
You dislike bread a lot	negative	negative
You dislike bread very much	negative	negative
You dislike bread the most	negative	negative
You dislike bread	negative	negative
You dislike meat a lot	negative	negative
You dislike meat very much	negative	negative
You dislike meat the most	negative	negative
You dislike meat	negative	negative
You dislike sports a lot	negative	negative
You dislike sports very much	negative	negative
You dislike sports the most	negative	negative
You dislike sports	negative	negative
You dislike corruption a lot	negative	negative
You dislike corruption very much	negative	negative
You dislike corruption the most	negative	negative
You dislike corruption	negative	positive
You dislike eating hay a lot	negative	negative
You dislike eating hay very much	negative	negative
You dislike eating hay the most	negative	negative
You dislike eating hay	negative	negative
You dislike drinking wine a lot	negative	negative
You dislike drinking wine very much	negative	negative
You dislike drinking wine the most	negative	negative
You dislike drinking wine	negative	negative
You dislike soccer a lot	negative	negative
You dislike soccer very much	negative	negative
You dislike soccer the most	negative	negative
You dislike soccer	negative	negative
You dislike french fries a lot	negative	negative
You dislike french fries very much	negative	negative
You dislike french fries the most	negative	positive
You dislike french fries	negative	negative
You dislike expensive watches a lot	negative	negative
You dislike expensive watches very much	negative	negative
You dislike expensive watches the most	negative	negative
You dislike expensive watches	negative	negative
They hate cats a lot	negative	negative
They hate cats very much	negative	negative
They hate cats the most	negative	negative
They hate cats	negative	negative
They hate dogs a lot	negative	positive
They hate dogs very much	negative	negative
They hate dogs the most	negative	negative
They hate dogs	negative	negative
They hate IKEA a lot	negative	negative
They hate IKEA very much	negative	negative
They hate IKEA the most	negative	negative
They hate IKEA	negative	negative
They hate reindeer a lot	negative	negative
They hate reindeer very much	negative	positive
They hate reindeer the most	negative	negative
They hate reindeer	negative	negative
They hate Michael a lot	negative	positive
They hate Michael very much	negative	positive
They hate Michael the most	negative	positive
They hate Michael	negative	negative
They hate Germany a lot	negative	negative
They hate Germany very much	negative	negative
They hate Germany the most	negative	positive
They hate Germany	negative	negative
They hate Japan a lot	negative	negative
They hate Japan very much	negative	positive
They hate Japan the most	negative	negative
They hate Japan	negative	negative
They hate bread a lot	negative	negative
They hate bread very much	negative	negative
They hate bread the most	negative	negative
They hate bread	negative	negative
They hate meat a lot	negative	negative
They hate meat very much	negative	negative
They hate meat the most	negative	positive
They hate meat	negative	negative
They hate sports a lot	negative	negative
They hate sports very much	negative	negative
They hate sports the most	negative	negative
They hate sports	negative	negative
They hate corruption a lot	negative	negative
They hate corruption very much	negative	negative
They hate corruption the most	negative	positive
They hate corruption	negative	negative
They hate eating hay a lot	negative	negative
They hate eating hay very much	negative	negative
They hate eating hay the most	negative	negative
They hate eating hay	negative	negative
They hate drinking wine a lot	negative	negative
They hate drinking wine very much	negative	negative
They hate drinking wine the most	negative	negative
They hate drinking wine	negative	positive
They hate soccer a lot	negative	positive
They hate soccer very much	negative	negative
They hate soccer the most	negative	negative
They hate soccer	negative	negative
They hate french fries a lot	negative	negative
They hate french fries very much	negative	negative
They hate french fries the most	negative	negative
They hate french fries	negative	negative
They hate expensive watches a lot	negative	positive
They hate expensive watches very much	negative	negative
They hate expensive watches the most	negative	negative
They hate expensive watches	negative	negative
They loathe cats a lot	negative	negative
They loathe cats very much	negative	negative
They loathe cats the most	negative	positive
They loathe cats	negative	negative
They loathe dogs a lot	negative	negative
They loathe dogs very much	negative	negative
They loathe dogs the most	negative	negative
They loathe dogs	negative	negative
They loathe IKEA a lot	negative	negative
They loathe IKEA very much	negative	negative
They loathe IKEA the most	negative	negative
They loathe IKEA	negative	negative
They loathe reindeer a lot	negative	negative
They loathe reindeer very much	negative	negative
They loathe reindeer the most	negative	negative
They loathe reindeer	negative	negative
They loathe Michael a lot	negative	negative
They loathe Michael very much	negative	negative
They loathe Michael the most	negative	negative
They loathe Michael	negative	negative
They loathe Germany a lot	negative	negative
They loathe Germany very much	negative	negative
They loathe Germany the most	negative	negative
They loathe Germany	negative	negative
They loathe Japan a lot	negative	negative
They loathe Japan very much	negative	negative
They loathe Japan the most	negative	negative
They loathe Japan	negative	negative
They loathe bread a lot	negative	negative
They loathe bread very much	negative	negative
They loathe bread the most	negative	negative
They loathe bread	negative	negative
They loathe meat a lot	negative	negative
They loathe meat very much	negative	negative
They loathe meat the most	negative	negative
They loathe meat	negative	negative
They loathe sports a lot	negative	negative
They loathe sports very much	negative	negative
They loathe sports the most	negative	positive
They loathe sports	negative	positive
They loathe corruption a lot	negative	negative
They loathe corruption very much	negative	negative
They loathe corruption the most	negative	negative
They loathe corruption	negative	positive
They loathe eating hay a lot	negative	negative
They loathe eating hay very much	negative	negative
They loathe eating hay the most	negative	negative
They loathe eating hay	negative	negative
They loathe drinking wine a lot	negative	negative
They loathe drinking wine very much	negative	negative
They loathe drinking wine the most	negative	negative
They loathe drinking wine	negative	negative
They loathe soccer a lot	negative	positive
They loathe soccer very much	negative	negative
They loathe soccer the most	negative	negative
They loathe soccer	negative	negative
They loathe french fries a lot	negative	negative
They loathe french fries very much	negative	negative
They loathe french fries the most	negative	negative
They loathe french fries	negative	negative
They loathe expensive watches a lot	negative	negative
They loathe expensive watches very much	negative	negative
They loathe expensive watches the most	negative	positive
They loathe expensive watches	negative	negative
They detest cats a lot	negative	positive
They detest cats very much	negative	negative
They detest cats the most	negative	negative
They detest cats	negative	negative
They detest dogs a lot	negative	negative
They detest dogs very much	negative	negative
They detest dogs the most	negative	negative
They detest dogs	negative	negative
They detest IKEA a lot	negative	negative
They detest IKEA very much	negative	negative
They detest IKEA the most	negative	negative
They detest IKEA	negative	positive
They detest reindeer a lot	negative	negative
They detest reindeer very much	negative	negative
They detest reindeer the most	negative	negative
They detest reindeer	negative	negative
They detest Michael a lot	negative	negative
They detest Michael very much	negative	negative
They detest Michael the most	negative	negative
They detest Michael	negative	negative
They detest Germany a lot	negative	negative
They detest Germany very much	negative	negative
They detest Germany the most	negative	negative
They detest Germany	negative	positive
They detest Japan a lot	negative	negative
They detest Japan very much	negative	negative
They detest Japan the most	negative	positive
They detest Japan	negative	negative
They detest bread a lot	negative	negative
They detest bread very much	negative	negative
They detest bread the most	negative	negative
They detest bread	negative	negative
They detest meat a lot	negative	negative
They detest meat very much	negative	negative
They detest meat the most	negative	negative
They detest meat	negative	negative
They detest sports a lot	negative	negative
They detest sports very much	negative	negative
They detest sports the most	negative	negative
They detest sports	negative	negative
They detest corruption a lot	negative	negative
They detest corruption very much	negative	negative
They detest corruption the most	negative	negative
They detest corruption	negative	negative
They detest eating hay a lot	negative	negative
They detest eating hay very much	negative	negative
They detest eating hay the most	negative	negative
They detest eating hay	negative	negative
They detest drinking wine a lot	negative	negative
They detest drinking wine very much	negative	negative
They detest drinking wine the most	negative	negative
They detest drinking wine	negative	positive
They detest soccer a lot	negative	negative
They detest soccer very much	negative	negative
They detest soccer the most	negative	negative
They detest soccer	negative	negative
They detest french fries a lot	negative	positive
They detest french fries very much	negative	negative
They detest french fries the most	negative	positive
They detest french fries	negative	negative
They detest expensive watches a lot	negative	negative
They detest expensive watches very much	negative	negative
They detest expensive watches the most	negative	negative
They detest expensive watches	negative	negative
They dislike cats a lot	negative	negative
They dislike cats very much	negative	negative
They dislike cats the most	negative	negative
They dislike cats	negative	negative
They dislike dogs a lot	negative	negative
They dislike dogs very much	negative	negative
They dislike dogs the most	negative	negative
They dislike dogs	negative	negative
They dislike IKEA a lot	negative	negative
They dislike IKEA very much	negative	negative
They dislike IKEA the most	negative	negative
They dislike IKEA	negative	negative
They dislike reindeer a lot	negative	negative
They dislike reindeer very much	negative	positive
They dislike reindeer the most	negative	negative
They dislike reindeer	negative	positive
They dislike Michael a lot	negative	negative
They dislike Michael very much	negative	negative
They dislike Michael the most	negative	negative
They dislike Michael	negative	negative
They dislike Germany a lot	negative	negative
They dislike Germany very much	negative	negative
They dislike Germany the most	negative	negative
They dislike Germany	negative	negative
They dislike Japan a lot	negative	negative
They dislike Japan very much	negative	negative
They dislike Japan the most	negative	negative
They dislike Japan	negative	negative
They dislike bread a lot	negative	positive
They dislike bread very much	negative	positive
They dislike bread the most	negative	negative
They dislike bread	negative	negative
They dislike meat a lot	negative	negative
They dislike meat very much	negative	negative
They dislike meat the most	negative	negative
They dislike meat	negative	negative
They dislike sports a lot	negative	negative
They dislike sports very much	negative	negative
They dislike sports the most	negative	negative
They dislike sports	negative	negative
They dislike corruption a lot	negative	negative
They dislike corruption very much	negative	negative
They dislike corruption the most	negative	negative
They dislike corruption	negative	negative
They dislike eating hay a lot	negative	negative
They dislike eating hay very much	negative	positive
They dislike eating hay the most	negative	negative
They dislike eating hay	negative	negative
They dislike drinking wine a lot	negative	negative
They dislike drinking wine very much	negative	negative
They dislike drinking wine the most	negative	negative
They dislike drinking wine	negative	positive
They dislike soccer a lot	negative	negative
They dislike soccer very much	negative	positive
They dislike soccer the most	negative	negative
They dislike soccer	negative	negative
They dislike french fries a lot	negative	negative
They dislike french fries very much	negative	negative
They dislike french fries the most	negative	negative
They dislike french fries	negative	negative
They dislike expensive watches a lot	negative	negative
They dislike expensive watches very much	negative	negative
They dislike expensive watches the most	negative	negative
They dislike expensive watches	negative	negative
